<?xml version="1.0" encoding="UTF-8"?>
<addon id="plugin.video.mmhosterlinkplayer" version="1.1.15" name="MMhosterLinkPlayer" provider-name="MMkodiADDONS">
    <requires>
        <!-- <import addon="xbmc.python" version="3.0.0"/> -->
        <import addon="script.module.resolveurl"/>
        <import addon="script.module.resolveurl.xxx"/>
        <import addon="script.module.six" version="0.0.1"/>
        <import addon="script.module.kodi-six" version="0.0.1"/>
    </requires>
    <extension point="xbmc.python.pluginsource" library="default.py">
        <provides>video</provides>
    </extension>
    <extension point="xbmc.addon.metadata">
        <summary>MMhosterLinkPlayer Addon</summary>
        <description>Mit diesem Addon kannst du auf angebotene Streams, von verschiedener Webvideohostern den Adressen Link eintragen wie z.B https://streamtape.com/v/xxxxxx oder https://voe.sx/xxxxxx und von vielen anderen Quellen zugreifen.</description>
   <disclaimer>Die von diesem Addon dargestellten Inhalte werden von den Erstellern des Addons weder gehostet oder verbreitet, noch stehen die Ersteller in irgendeiner Beziehung zu den Content-Anbietern.</disclaimer>
        <platform>all</platform>
        <news>Version 1.1.15 (Feb 7, 2025)
- Allow disabling Adult resolvers in settings

Version 1.1.14 (Feb 2, 2025)
- Allow labels in non English characters
- Resolve subtitles by default if available, no need for $$subs

Version 1.1.13 (Jun 1, 2024)
- Not set manifest_type on Kodi21 and above

Version 1.1.12 (Jan 14, 2024)
- add all found subtitles to listitem

Version 1.1.11 (Jan 3, 2024)
- add subtitle support
- add inputstream adaptive support for hls

Version 1.1.10 (Aug 1, 2022)
- adjust setInfo for Kodi 20 and above

Version 1.1.9 (Aug 1, 2022)
- Add mpd playback support</news>       
<assets>
			<icon>icon.png</icon>
			<fanart>fanart.jpg</fanart>
<screenshot>fanart.jpg</screenshot>
	</assets>
	</extension>
</addon>
